1,Bulbasaur,Grass,Poison,318,45,49,49,65,65,45,1,FALSE,\public\images\0001.png
2,Ivysaur,Grass,Poison,405,60,62,63,80,80,60,1,FALSE,\public\images\0002.png
3,Venusaur,Grass,Poison,525,80,82,83,100,100,80,1,FALSE,\public\images\0003.png
4,Charmander,Fire,,309,39,52,43,60,50,65,1,FALSE,\public\images\0004.png
5,Charmeleon,Fire,,405,58,64,58,80,65,80,1,FALSE,\public\images\0005.png
6,Charizard,Fire,Flying,534,78,84,78,109,85,100,1,FALSE,\public\images\0006.png
7,Squirtle,Water,,314,44,48,65,50,64,43,1,FALSE,\public\images\0007.png
8,Wartortle,Water,,405,59,63,80,65,80,58,1,FALSE,\public\images\0008.png
9,Blastoise,Water,,530,79,83,100,85,105,78,1,FALSE,\public\images\0009.png
10,Caterpie,Bug,,195,45,30,35,20,20,45,1,FALSE,\public\images\0010.png
11,Metapod,Bug,,205,50,20,55,25,25,30,1,FALSE,\public\images\0011.png
12,Butterfree,Bug,Flying,395,60,45,50,90,80,70,1,FALSE,\public\images\0012.png
13,Weedle,Bug,Poison,195,40,35,30,20,20,50,1,FALSE,\public\images\0013.png
14,Kakuna,Bug,Poison,205,45,25,50,25,25,35,1,FALSE,\public\images\0014.png
15,Beedrill,Bug,Poison,395,65,90,40,45,80,75,1,FALSE,\public\images\0015.png
16,Pidgey,Normal,Flying,251,40,45,40,35,35,56,1,FALSE,\public\images\0016.png
17,Pidgeotto,Normal,Flying,349,63,60,55,50,50,71,1,FALSE,\public\images\0017.png
18,Pidgeot,Normal,Flying,479,83,80,75,70,70,101,1,FALSE,\public\images\0018.png
19,Rattata,Normal,,253,30,56,35,25,35,72,1,FALSE,\public\images\0019.png
20,Raticate,Normal,,413,55,81,60,50,70,97,1,FALSE,\public\images\0020.png
21,Spearow,Normal,Flying,262,40,60,30,31,31,70,1,FALSE,\public\images\0021.png
22,Fearow,Normal,Flying,442,65,90,65,61,61,100,1,FALSE,\public\images\0022.png
23,Ekans,Poison,,288,35,60,44,40,54,55,1,FALSE,\public\images\0023.png
24,Arbok,Poison,,438,60,85,69,65,79,80,1,FALSE,\public\images\0024.png
25,Pikachu,Electric,,320,35,55,40,50,50,90,1,FALSE,\public\images\0025.png
26,Raichu,Electric,,485,60,90,55,90,80,110,1,FALSE,\public\images\0026.png
27,Sandshrew,Ground,,300,50,75,85,20,30,40,1,FALSE,\public\images\0027.png
28,Sandslash,Ground,,450,75,100,110,45,55,65,1,FALSE,\public\images\0028.png
29,Nidoran F,Poison,,275,55,47,52,40,40,41,1,FALSE,\public\images\0029.png
30,Nidorina,Poison,,365,70,62,67,55,55,56,1,FALSE,\public\images\0030.png
31,Nidoqueen,Poison,Ground,505,90,92,87,75,85,76,1,FALSE,\public\images\0031.png
32,Nidoran M,Poison,,273,46,57,40,40,40,50,1,FALSE,\public\images\0032.png
33,Nidorino,Poison,,365,61,72,57,55,55,65,1,FALSE,\public\images\0033.png
34,Nidoking,Poison,Ground,505,81,102,77,85,75,85,1,FALSE,\public\images\0034.png
35,Clefairy,Fairy,,323,70,45,48,60,65,35,1,FALSE,\public\images\0035.png
36,Clefable,Fairy,,483,95,70,73,95,90,60,1,FALSE,\public\images\0036.png
37,Vulpix,Fire,,299,38,41,40,50,65,65,1,FALSE,\public\images\0037.png
38,Ninetales,Fire,,505,73,76,75,81,100,100,1,FALSE,\public\images\0038.png
39,Jigglypuff,Normal,Fairy,270,115,45,20,45,25,20,1,FALSE,\public\images\0039.png
40,Wigglytuff,Normal,Fairy,435,140,70,45,85,50,45,1,FALSE,\public\images\0040.png
41,Zubat,Poison,Flying,245,40,45,35,30,40,55,1,FALSE,\public\images\0041.png
42,Golbat,Poison,Flying,455,75,80,70,65,75,90,1,FALSE,\public\images\0042.png
43,Oddish,Grass,Poison,320,45,50,55,75,65,30,1,FALSE,\public\images\0043.png
44,Gloom,Grass,Poison,395,60,65,70,85,75,40,1,FALSE,\public\images\0044.png
45,Vileplume,Grass,Poison,490,75,80,85,110,90,50,1,FALSE,\public\images\0045.png
46,Paras,Bug,Grass,285,35,70,55,45,55,25,1,FALSE,\public\images\0046.png
47,Parasect,Bug,Grass,405,60,95,80,60,80,30,1,FALSE,\public\images\0047.png
48,Venonat,Bug,Poison,305,60,55,50,40,55,45,1,FALSE,\public\images\0048.png
49,Venomoth,Bug,Poison,450,70,65,60,90,75,90,1,FALSE,\public\images\0049.png
50,Diglett,Ground,,265,10,55,25,35,45,95,1,FALSE,\public\images\0050.png
51,Dugtrio,Ground,,405,35,80,50,50,70,120,1,FALSE,\public\images\0051.png
52,Meowth,Normal,,290,40,45,35,40,40,90,1,FALSE,\public\images\0052.png
53,Persian,Normal,,440,65,70,60,65,65,115,1,FALSE,\public\images\0053.png
54,Psyduck,Water,,320,50,52,48,65,50,55,1,FALSE,\public\images\0054.png
55,Golduck,Water,,500,80,82,78,95,80,85,1,FALSE,\public\images\0055.png
56,Mankey,Fighting,,305,40,80,35,35,45,70,1,FALSE,\public\images\0056.png
57,Primeape,Fighting,,455,65,105,60,60,70,95,1,FALSE,\public\images\0057.png
58,Growlithe,Fire,,350,55,70,45,70,50,60,1,FALSE,\public\images\0058.png
59,Arcanine,Fire,,555,90,110,80,100,80,95,1,FALSE,\public\images\0059.png
60,Poliwag,Water,,300,40,50,40,40,40,90,1,FALSE,\public\images\0060.png
61,Poliwhirl,Water,,385,65,65,65,50,50,90,1,FALSE,\public\images\0061.png
62,Poliwrath,Water,Fighting,510,90,95,95,70,90,70,1,FALSE,\public\images\0062.png
63,Abra,Psychic,,310,25,20,15,105,55,90,1,FALSE,\public\images\0063.png
64,Kadabra,Psychic,,400,40,35,30,120,70,105,1,FALSE,\public\images\0064.png
65,Alakazam,Psychic,,500,55,50,45,135,95,120,1,FALSE,\public\images\0065.png
66,Machop,Fighting,,305,70,80,50,35,35,35,1,FALSE,\public\images\0066.png
67,Machoke,Fighting,,405,80,100,70,50,60,45,1,FALSE,\public\images\0067.png
68,Machamp,Fighting,,505,90,130,80,65,85,55,1,FALSE,\public\images\0068.png
69,Bellsprout,Grass,Poison,300,50,75,35,70,30,40,1,FALSE,\public\images\0069.png
70,Weepinbell,Grass,Poison,390,65,90,50,85,45,55,1,FALSE,\public\images\0070.png
71,Victreebel,Grass,Poison,490,80,105,65,100,70,70,1,FALSE,\public\images\0071.png
72,Tentacool,Water,Poison,335,40,40,35,50,100,70,1,FALSE,\public\images\0072.png
73,Tentacruel,Water,Poison,515,80,70,65,80,120,100,1,FALSE,\public\images\0073.png
74,Geodude,Rock,Ground,300,40,80,100,30,30,20,1,FALSE,\public\images\0074.png
75,Graveler,Rock,Ground,390,55,95,115,45,45,35,1,FALSE,\public\images\0075.png
76,Golem,Rock,Ground,495,80,120,130,55,65,45,1,FALSE,\public\images\0076.png
77,Ponyta,Fire,,410,50,85,55,65,65,90,1,FALSE,\public\images\0077.png
78,Rapidash,Fire,,500,65,100,70,80,80,105,1,FALSE,\public\images\0078.png
79,Slowpoke,Water,Psychic,315,90,65,65,40,40,15,1,FALSE,\public\images\0079.png
80,Slowbro,Water,Psychic,490,95,75,110,100,80,30,1,FALSE,\public\images\0080.png
81,Magnemite,Electric,Steel,325,25,35,70,95,55,45,1,FALSE,\public\images\0081.png
82,Magneton,Electric,Steel,465,50,60,95,120,70,70,1,FALSE,\public\images\0082.png
83,Farfetch'd,Normal,Flying,352,52,65,55,58,62,60,1,FALSE,\public\images\0083.png
84,Doduo,Normal,Flying,310,35,85,45,35,35,75,1,FALSE,\public\images\0084.png
85,Dodrio,Normal,Flying,460,60,110,70,60,60,100,1,FALSE,\public\images\0085.png
86,Seel,Water,,325,65,45,55,45,70,45,1,FALSE,\public\images\0086.png
87,Dewgong,Water,Ice,475,90,70,80,70,95,70,1,FALSE,\public\images\0087.png
88,Grimer,Poison,,325,80,80,50,40,50,25,1,FALSE,\public\images\0088.png
89,Muk,Poison,,500,105,105,75,65,100,50,1,FALSE,\public\images\0089.png
90,Shellder,Water,,305,30,65,100,45,25,40,1,FALSE,\public\images\0090.png
91,Cloyster,Water,Ice,525,50,95,180,85,45,70,1,FALSE,\public\images\0091.png
92,Gastly,Ghost,Poison,310,30,35,30,100,35,80,1,FALSE,\public\images\0092.png
93,Haunter,Ghost,Poison,405,45,50,45,115,55,95,1,FALSE,\public\images\0093.png
94,Gengar,Ghost,Poison,500,60,65,60,130,75,110,1,FALSE,\public\images\0094.png
95,Onix,Rock,Ground,385,35,45,160,30,45,70,1,FALSE,\public\images\0095.png
96,Drowzee,Psychic,,328,60,48,45,43,90,42,1,FALSE,\public\images\0096.png
97,Hypno,Psychic,,483,85,73,70,73,115,67,1,FALSE,\public\images\0097.png
98,Krabby,Water,,325,30,105,90,25,25,50,1,FALSE,\public\images\0098.png
99,Kingler,Water,,475,55,130,115,50,50,75,1,FALSE,\public\images\0099.png
100,Voltorb,Electric,,330,40,30,50,55,55,100,1,FALSE,\public\images\0100.png
101,Electrode,Electric,,480,60,50,70,80,80,140,1,FALSE,\public\images\0101.png
102,Exeggcute,Grass,Psychic,325,60,40,80,60,45,40,1,FALSE,\public\images\0102.png
103,Exeggutor,Grass,Psychic,520,95,95,85,125,65,55,1,FALSE,\public\images\0103.png
104,Cubone,Ground,,320,50,50,95,40,50,35,1,FALSE,\public\images\0104.png
105,Marowak,Ground,,425,60,80,110,50,80,45,1,FALSE,\public\images\0105.png
106,Hitmonlee,Fighting,,455,50,120,53,35,110,87,1,FALSE,\public\images\0106.png
107,Hitmonchan,Fighting,,455,50,105,79,35,110,76,1,FALSE,\public\images\0107.png
108,Lickitung,Normal,,385,90,55,75,60,75,30,1,FALSE,\public\images\0108.png
109,Koffing,Poison,,340,40,65,95,60,45,35,1,FALSE,\public\images\0109.png
110,Weezing,Poison,,490,65,90,120,85,70,60,1,FALSE,\public\images\0110.png
111,Rhyhorn,Ground,Rock,345,80,85,95,30,30,25,1,FALSE,\public\images\0111.png
112,Rhydon,Ground,Rock,485,105,130,120,45,45,40,1,FALSE,\public\images\0112.png
113,Chansey,Normal,,450,250,5,5,35,105,50,1,FALSE,\public\images\0113.png
114,Tangela,Grass,,435,65,55,115,100,40,60,1,FALSE,\public\images\0114.png
115,Kangaskhan,Normal,,490,105,95,80,40,80,90,1,FALSE,\public\images\0115.png
116,Horsea,Water,,295,30,40,70,70,25,60,1,FALSE,\public\images\0116.png
117,Seadra,Water,,440,55,65,95,95,45,85,1,FALSE,\public\images\0117.png
118,Goldeen,Water,,320,45,67,60,35,50,63,1,FALSE,\public\images\0118.png
119,Seaking,Water,,450,80,92,65,65,80,68,1,FALSE,\public\images\0119.png
120,Staryu,Water,,340,30,45,55,70,55,85,1,FALSE,\public\images\0120.png
121,Starmie,Water,Psychic,520,60,75,85,100,85,115,1,FALSE,\public\images\0121.png
122,Mr. Mime,Psychic,Fairy,460,40,45,65,100,120,90,1,FALSE,\public\images\0122.png
123,Scyther,Bug,Flying,500,70,110,80,55,80,105,1,FALSE,\public\images\0123.png
124,Jynx,Ice,Psychic,455,65,50,35,115,95,95,1,FALSE,\public\images\0124.png
125,Electabuzz,Electric,,490,65,83,57,95,85,105,1,FALSE,\public\images\0125.png
126,Magmar,Fire,,495,65,95,57,100,85,93,1,FALSE,\public\images\0126.png
127,Pinsir,Bug,,500,65,125,100,55,70,85,1,FALSE,\public\images\0127.png
128,Tauros,Normal,,490,75,100,95,40,70,110,1,FALSE,\public\images\0128.png
129,Magikarp,Water,,200,20,10,55,15,20,80,1,FALSE,\public\images\0129.png
130,Gyarados,Water,Flying,540,95,125,79,60,100,81,1,FALSE,\public\images\0130.png
131,Lapras,Water,Ice,535,130,85,80,85,95,60,1,FALSE,\public\images\0131.png
132,Ditto,Normal,,288,48,48,48,48,48,48,1,FALSE,\public\images\0132.png
133,Eevee,Normal,,325,55,55,50,45,65,55,1,FALSE,\public\images\0133.png
134,Vaporeon,Water,,525,130,65,60,110,95,65,1,FALSE,\public\images\0134.png
135,Jolteon,Electric,,525,65,65,60,110,95,130,1,FALSE,\public\images\0135.png
136,Flareon,Fire,,525,65,130,60,95,110,65,1,FALSE,\public\images\0136.png
137,Porygon,Normal,,395,65,60,70,85,75,40,1,FALSE,\public\images\0137.png
138,Omanyte,Rock,Water,355,35,40,100,90,55,35,1,FALSE,\public\images\0138.png
139,Omastar,Rock,Water,495,70,60,125,115,70,55,1,FALSE,\public\images\0139.png
140,Kabuto,Rock,Water,355,30,80,90,55,45,55,1,FALSE,\public\images\0140.png
141,Kabutops,Rock,Water,495,60,115,105,65,70,80,1,FALSE,\public\images\0141.png
142,Aerodactyl,Rock,Flying,515,80,105,65,60,75,130,1,FALSE,\public\images\0142.png
143,Snorlax,Normal,,540,160,110,65,65,110,30,1,FALSE,\public\images\0143.png
144,Articuno,Ice,Flying,580,90,85,100,95,125,85,1,TRUE,\public\images\0144.png
145,Zapdos,Electric,Flying,580,90,90,85,125,90,100,1,TRUE,\public\images\0145.png
146,Moltres,Fire,Flying,580,90,100,90,125,85,90,1,TRUE,\public\images\0146.png
147,Dratini,Dragon,,300,41,64,45,50,50,50,1,FALSE,\public\images\0147.png
148,Dragonair,Dragon,,420,61,84,65,70,70,70,1,FALSE,\public\images\0148.png
149,Dragonite,Dragon,Flying,600,91,134,95,100,100,80,1,FALSE,\public\images\0149.png
150,Mewtwo,Psychic,,680,106,110,90,154,90,130,1,TRUE,\public\images\0150.png
151,Mew,Psychic,,600,100,100,100,100,100,100,1,FALSE,\public\images\0151.png
