1,/public/images/1.png
2,/public/images/2.png
3,/public/images/3.png
4,/public/images/4.png
5,/public/images/5.png
6,/public/images/6.png
7,/public/images/7.png
8,/public/images/8.png
9,/public/images/9.png
10,/public/images/10.png
11,/public/images/11.png
12,/public/images/12.png
13,/public/images/13.png
14,/public/images/14.png
15,/public/images/15.png
16,/public/images/16.png
17,/public/images/17.png
18,/public/images/18.png
20,/public/images/20.png
21,/public/images/21.png
19,/public/images/19.png
22,/public/images/22.png
23,/public/images/23.png
24,/public/images/24.png
25,/public/images/25.png
26,/public/images/26.png
27,/public/images/27.png
28,/public/images/28.png
29,/public/images/29.png
30,/public/images/30.png
31,/public/images/31.png
32,/public/images/32.png
33,/public/images/33.png
34,/public/images/34.png
35,/public/images/35.png
36,/public/images/36.png
37,/public/images/37.png
38,/public/images/38.png
39,/public/images/39.png
40,/public/images/40.png
41,/public/images/41.png
42,/public/images/42.png
43,/public/images/43.png
44,/public/images/44.png
45,/public/images/45.png
46,/public/images/46.png
47,/public/images/47.png
48,/public/images/48.png
49,/public/images/49.png
50,/public/images/50.png
51,/public/images/51.png
52,/public/images/52.png
53,/public/images/53.png
54,/public/images/54.png
55,/public/images/55.png
56,/public/images/56.png
57,/public/images/57.png
58,/public/images/58.png
59,/public/images/59.png
60,/public/images/60.png
61,/public/images/61.png
62,/public/images/62.png
63,/public/images/63.png
64,/public/images/64.png
65,/public/images/65.png
66,/public/images/66.png
67,/public/images/67.png
68,/public/images/68.png
69,/public/images/69.png
70,/public/images/70.png
71,/public/images/71.png
72,/public/images/72.png
73,/public/images/73.png
74,/public/images/74.png
75,/public/images/75.png
76,/public/images/76.png
77,/public/images/77.png
78,/public/images/78.png
79,/public/images/79.png
80,/public/images/80.png
81,/public/images/81.png
82,/public/images/82.png
83,/public/images/83.png
84,/public/images/84.png
85,/public/images/85.png
86,/public/images/86.png
87,/public/images/87.png
88,/public/images/88.png
89,/public/images/89.png
90,/public/images/90.png
91,/public/images/91.png
92,/public/images/92.png
93,/public/images/93.png
94,/public/images/94.png
95,/public/images/95.png
96,/public/images/96.png
97,/public/images/97.png
98,/public/images/98.png
99,/public/images/99.png
100,/public/images/100.png
101,/public/images/101.png
102,/public/images/102.png
103,/public/images/103.png
104,/public/images/104.png
105,/public/images/105.png
106,/public/images/106.png
107,/public/images/107.png
108,/public/images/108.png
109,/public/images/109.png
110,/public/images/110.png
111,/public/images/111.png
112,/public/images/112.png
113,/public/images/113.png
114,/public/images/114.png
115,/public/images/115.png
116,/public/images/116.png
117,/public/images/117.png
118,/public/images/118.png
119,/public/images/119.png
120,/public/images/120.png
121,/public/images/121.png
122,/public/images/122.png
123,/public/images/123.png
124,/public/images/124.png
125,/public/images/125.png
126,/public/images/126.png
127,/public/images/127.png
128,/public/images/128.png
129,/public/images/129.png
130,/public/images/130.png
131,/public/images/131.png
132,/public/images/132.png
133,/public/images/133.png
134,/public/images/134.png
135,/public/images/135.png
136,/public/images/136.png
137,/public/images/137.png
138,/public/images/138.png
139,/public/images/139.png
140,/public/images/140.png
141,/public/images/141.png
142,/public/images/142.png
143,/public/images/143.png
144,/public/images/144.png
145,/public/images/145.png
146,/public/images/146.png
147,/public/images/147.png
148,/public/images/148.png
149,/public/images/149.png
150,/public/images/150.png
151,/public/images/151.png
